question_id,category,question,answer_guideline,example_answer
1,HR,How do you handle conflict between employees?,"Focus on mediation, neutrality, and company policy.","I facilitate a private meeting where both parties can speak, then refer to the employee handbook to find a fair resolution."
2,HR,What is your approach to recruitment?,"Mention sourcing, screening, and cultural fit.",I use a mix of LinkedIn sourcing and structured interviews to ensure candidates meet both technical and cultural requirements.
3,HR,How do you stay updated with labor laws?,Mention specific resources or certifications.,I regularly attend SHRM webinars and subscribe to Department of Labor updates to ensure our policies remain compliant.
4,HR,Describe a time you had to deliver bad news.,Show empathy and professionalism.,I once had to explain a restructuring to a team member by being transparent about the reasons and providing clear next steps for their transition.
5,HR,How do you improve employee engagement?,"Mention surveys, feedback loops, and initiatives.",I implement quarterly feedback pulses and organize team-building events based on areas where employees feel less supported.
6,HR,What metrics do you use to measure HR success?,List KPIs like turnover or time-to-hire.,I track employee retention rates and the average time-to-fill open positions to gauge our recruitment efficiency.
7,HR,How do you handle a sensitive harassment claim?,Focus on confidentiality and legal procedure.,I immediately launch a formal investigation while ensuring the complainant feels safe and keeping all parties' identities confidential.
8,HR,What is your philosophy on performance reviews?,Focus on continuous growth vs. annual evaluation.,I believe in continuous feedback throughout the year so that the annual review is a summary of progress rather than a surprise.
9,HR,How do you manage a diverse workforce?,Focus on inclusion and bias training.,I advocate for blind resume screening and mandatory unconscious bias training for all hiring managers.
10,HR,Why did you choose a career in HR?,Connect personal values to the role.,"I enjoy the intersection of business strategy and people development, helping organizations grow by supporting their most valuable asset."
11,DESIGNER,Walk me through your design process.,"Mention research, ideation, and testing.","I start with user research, move to low-fidelity wireframes, and iterate based on stakeholder feedback before finalizing high-fidelity prototypes."
12,DESIGNER,How do you handle negative feedback on a design?,Show objectivity and openness.,"I view feedback as data. If a client dislikes a layout, I ask 'why' to understand the underlying usability or aesthetic concern."
13,DESIGNER,What tools are essential to your daily workflow?,"Mention software like Figma, Adobe CC, or Sketch.","Figma is my primary tool for collaboration, while I use Illustrator for vector assets and Photoshop for high-res image editing."
14,DESIGNER,How do you stay current with design trends?,"Mention blogs, communities, or platforms.","I follow Behance, Dribbble, and Smashing Magazine daily to see how visual languages are evolving across industries."
15,DESIGNER,Describe a time a project had a tight deadline.,Focus on prioritization and efficiency.,"I narrowed the scope to 'must-have' features, using a pre-existing UI kit to speed up the prototyping phase without sacrificing quality."
16,DESIGNER,How do you balance aesthetics with usability?,Prioritize the user's needs.,A design must work before it looks good. I use accessibility standards to ensure my color palettes are readable for everyone.
17,DESIGNER,What is the most challenging project you've worked on?,Focus on problem-solving.,I once had to redesign a complex dashboard for data analysts where the main challenge was making dense information digestible.
18,DESIGNER,How do you approach mobile-first design?,Focus on constraints and core actions.,"I identify the primary action a user needs on a small screen and build the layout around that, expanding features for desktop."
19,DESIGNER,What is your favorite brand's design and why?,Show critical thinking and taste.,I admire Apple for its minimalism; every element has a purpose and the whitespace directs the user's focus naturally.
20,DESIGNER,How do you collaborate with developers?,Mention handoff tools and communication.,I use Figma's Dev Mode to provide specs and meet early in the process to ensure my designs are technically feasible.
21,INFORMATION-TECHNOLOGY,How do you troubleshoot a network connectivity issue?,Mention OSI model layers.,I start at the physical layer checking cables and work up to IP configuration and DNS resolution.
22,INFORMATION-TECHNOLOGY,What is your experience with cloud migration?,"Mention AWS, Azure, or GCP.","I assisted in moving our local file server to Azure, ensuring data integrity and setting up proper IAM roles."
23,INFORMATION-TECHNOLOGY,How do you handle a security breach?,Focus on isolation and reporting.,"I immediately isolate affected systems from the network, document the incident, and follow the company's disaster recovery protocol."
24,INFORMATION-TECHNOLOGY,Explain DNS to a non-technical person.,Use an analogy like a phonebook.,DNS is like the phonebook of the internet; it translates human-friendly names like google.com into computer-friendly IP addresses.
25,INFORMATION-TECHNOLOGY,How do you prioritize tickets in a helpdesk?,Focus on impact and urgency.,A server outage affecting the whole office takes precedence over a single user needing a password reset.
26,INFORMATION-TECHNOLOGY,What is your approach to system backups?,Mention frequency and testing.,"I follow the 3-2-1 rule: three copies of data, on two different media, with one copy stored offsite."
27,INFORMATION-TECHNOLOGY,How do you stay updated with tech trends?,Mention certifications or tech news.,I follow Krebs on Security for news and am currently studying for my CompTIA Security+ certification.
28,INFORMATION-TECHNOLOGY,Describe a time you automated a manual task.,Focus on tools like Python or PowerShell.,"I wrote a PowerShell script to automate the weekly user auditing process, saving the team 4 hours of manual data entry."
29,INFORMATION-TECHNOLOGY,What are the benefits of virtualization?,Mention cost and scalability.,"Virtualization allows us to run multiple servers on one physical machine, reducing hardware costs and making disaster recovery much faster."
30,INFORMATION-TECHNOLOGY,How do you manage software patches across a fleet?,Mention tools like SCCM or Jamf.,I use centralized management software to test patches on a small group before deploying them company-wide during off-hours.
31,TEACHER,How do you manage a disruptive student?,Focus on empathy and classroom management.,"I use non-verbal cues first, and if that fails, I have a private conversation to understand if there is an underlying issue."
32,TEACHER,What is your teaching philosophy?,Mention student-centered learning.,I believe in active learning where students solve problems themselves rather than just listening to a lecture.
33,TEACHER,How do you involve parents in the learning process?,Mention communication tools.,I send weekly newsletters and use apps like ClassDojo to keep parents updated on their child's progress and upcoming projects.
34,TEACHER,How do you differentiate instruction for varied learners?,Focus on different formats.,I provide reading materials at different levels and offer a choice between writing an essay or creating a visual project.
35,TEACHER,Describe a successful lesson you led.,Focus on engagement and outcomes.,I taught a history lesson using a mock trial format; students were highly engaged and outperformed on the subsequent unit test.
36,TEACHER,How do you use technology in the classroom?,Mention specific tools.,I use interactive whiteboards for visual aids and Google Classroom to organize assignments and provide instant feedback.
37,TEACHER,How do you assess student progress?,Mention formative and summative assessment.,I use daily exit tickets for quick checks and comprehensive rubrics for end-of-unit projects.
38,TEACHER,What would you do if a student is failing?,Focus on intervention.,"I would schedule a one-on-one meeting, contact the parents, and create a customized improvement plan with extra support."
39,TEACHER,How do you handle a disagreement with a colleague?,Focus on professionalism.,"I address the issue directly and privately, seeking a compromise that prioritizes the students' best interests."
40,TEACHER,Why do you want to teach at this school?,Mention the school's mission or community.,"I admire your focus on STEM education and community service, which aligns with my goal of developing well-rounded citizens."
41,ADVOCATE,How do you prepare for a complex trial?,Focus on research and evidence.,"I meticulously review all case law, organize evidence chronologically, and conduct mock cross-examinations."
42,ADVOCATE,How do you handle an ethical dilemma?,Mention professional codes of conduct.,I refer to the Bar Association's ethical guidelines and consult with senior partners to ensure my actions maintain integrity.
43,ADVOCATE,Describe your approach to client communication.,Focus on clarity and confidentiality.,I explain legal jargon in plain language and provide regular updates so my clients always know the status of their case.
44,ADVOCATE,How do you stay updated on changes in legislation?,Mention legal journals or databases.,I subscribe to Westlaw alerts and read Supreme Court summaries to stay informed on recent precedents.
45,ADVOCATE,What is your experience with alternative dispute resolution?,Mention mediation or arbitration.,"I have successfully resolved several commercial disputes through mediation, saving my clients the time and cost of a full trial."
46,ADVOCATE,How do you manage a high caseload?,Focus on organization and delegation.,I use legal practice management software and prioritize deadlines based on court schedules and statute of limitations.
47,ADVOCATE,Describe a time you lost a case.,Focus on learning and resilience.,I analyzed the verdict to understand where our argument fell short and used those insights to strengthen my strategy for future cases.
48,ADVOCATE,What skills are most important for an advocate?,Mention persuasion and research.,Critical thinking and the ability to build a persuasive narrative from dry facts are the most vital skills in this role.
49,ADVOCATE,How do you build trust with a new client?,Focus on empathy and expertise.,I listen actively to their concerns and provide a realistic assessment of their case without over-promising results.
50,ADVOCATE,Why did you specialize in this area of law?,Connect passion to the field.,I chose family law because I want to help individuals navigate through some of the most challenging transitions in their lives.
51,BUSINESS-DEVELOPMENT,How do you identify new market opportunities?,Mention data analysis and networking.,I research industry trends and attend trade shows to identify gaps where our product can solve a specific pain point.
52,BUSINESS-DEVELOPMENT,What is your process for lead generation?,Mention CRM and outbound strategies.,I use LinkedIn Sales Navigator for targeting and keep a meticulous CRM record to track the movement from lead to prospect.
53,BUSINESS-DEVELOPMENT,How do you handle a 'no' from a prospect?,Focus on persistence and learning.,I treat a 'no' as 'not right now.' I ask for feedback to understand their hesitation and stay in touch for future opportunities.
54,BUSINESS-DEVELOPMENT,Describe your most successful partnership.,Focus on ROI and collaboration.,I negotiated a co-marketing deal with a software provider that increased our lead flow by 40% in the first quarter.
55,BUSINESS-DEVELOPMENT,How do you pitch to C-level executives?,Focus on value and high-level strategy.,"I keep the pitch concise, focusing on the bottom-line impact and how our solution aligns with their long-term business goals."
56,BUSINESS-DEVELOPMENT,What role does networking play in your work?,Emphasize relationship building.,Networking is the foundation of my work; most of my high-value leads come from long-term relationships rather than cold calls.
57,BUSINESS-DEVELOPMENT,How do you stay motivated during a sales slump?,Focus on activity and mindset.,"I go back to basics, increasing my daily outreach volume and analyzing my conversion funnel to find areas for improvement."
58,BUSINESS-DEVELOPMENT,What is your experience with CRM software?,Mention Salesforce or Hubspot.,I have used Salesforce daily for three years to manage my pipeline and generate weekly performance reports for leadership.
59,BUSINESS-DEVELOPMENT,How do you research a competitor?,Mention market intelligence.,"I analyze their pricing models, read customer reviews, and keep a 'battle card' of their strengths and weaknesses."
60,BUSINESS-DEVELOPMENT,Why are you interested in our company?,Link their product to your sales style.,"Your innovative approach to SaaS fits my consultative selling style, where I focus on building long-term value for the client."
61,HEALTHCARE,How do you handle a high-stress emergency?,Focus on protocol and calm.,"I fall back on my training, following established protocols and communicating clearly with my team to ensure patient safety."
62,HEALTHCARE,Describe a time you disagreed with a colleague's care plan.,Focus on patient advocacy.,"I raised my concerns privately with the attending physician, providing observations that led to a safer adjustment in the patient's medication."
63,HEALTHCARE,How do you ensure patient confidentiality?,Mention HIPAA compliance.,I never discuss patient details in public areas and always ensure my workstation is locked when I step away.
64,HEALTHCARE,What is your approach to patient education?,Focus on clarity and checking for understanding.,I use simple terms and ask the patient to repeat the instructions back to me to ensure they feel confident in their self-care.
65,HEALTHCARE,How do you stay updated with medical advancements?,Mention journals or CEUs.,I complete my required Continuing Education Units and regularly read the New England Journal of Medicine.
66,HEALTHCARE,Describe a time you had to comfort a grieving family.,Focus on empathy.,"I sat with them in silence, offered a supportive presence, and provided information about the hospital's grief counseling resources."
67,HEALTHCARE,How do you handle a heavy patient load?,Focus on triage and time management.,I prioritize tasks based on clinical urgency and use a 'brain sheet' to track medication times and assessments.
68,HEALTHCARE,What would you do if you saw a coworker make a medical error?,Focus on immediate safety and reporting.,I would intervene immediately to prevent harm to the patient and then follow the hospital's incident reporting procedure.
69,HEALTHCARE,How do you maintain your own well-being in a stressful job?,Mention self-care and boundaries.,I practice mindfulness and ensure I have a strong support system outside of work to prevent burnout.
70,HEALTHCARE,Why did you choose a career in healthcare?,Connect to a desire to help.,"I wanted a career where my daily actions have a direct, positive impact on people's lives and health."
71,FINANCE,How do you stay updated with market trends?,Mention specific financial news sources.,I start my day with the Financial Times and Bloomberg to understand how global events might impact our portfolio.
72,FINANCE,Describe a time you found a discrepancy in a report.,Focus on attention to detail.,"During a month-end close, I noticed a $5k variance in accounts payable and traced it back to a duplicate invoice before it affected the final statement."
73,FINANCE,How do you explain complex financial data to non-finance staff?,Focus on simplifying and using visuals.,I use charts and focus on the 'bottom line' story rather than the technical accounting entries.
74,FINANCE,What experience do you have with financial modeling?,"Mention Excel and specific models (DCF, etc).",I have built discounted cash flow models to evaluate potential investments and determine their internal rate of return.
75,FINANCE,How do you manage tight deadlines during a fiscal year-end?,Focus on planning and accuracy.,I create a detailed checklist and start preparing schedules weeks in advance to ensure no errors occur under pressure.
76,FINANCE,What is your approach to risk management?,Focus on diversification and analysis.,I use sensitivity analysis to understand how different market scenarios could impact our assets and recommend hedges where necessary.
77,FINANCE,Describe your experience with financial software.,Mention ERPs like SAP or Oracle.,"I am proficient in Oracle Financials, which I used for automated reporting and budget tracking in my previous role."
78,FINANCE,How do you handle a request to 'adjust' the numbers?,Focus on ethics and compliance.,I would refuse and cite the relevant accounting standards (GAAP/IFRS) to explain why the data must be reported accurately.
79,FINANCE,What are the most important KPIs for a business in this industry?,List metrics like EBITDA or Burn Rate.,"For a startup, I focus on the burn rate and runway, while for established firms, I look at EBITDA and debt-to-equity ratios."
80,FINANCE,Why do you want to work in finance for this specific company?,Link financial skills to the company's growth.,I am impressed by your recent expansion and want to use my forecasting skills to help manage that growth sustainably.
81,ENGINEERING,Walk me through a design you are proud of.,Focus on problem-solving and efficiency.,I designed a low-power sensor node that extended battery life from 6 months to 2 years by optimizing the sleep cycles in the firmware.
82,ENGINEERING,How do you handle a project that is going over budget?,Focus on cost-benefit analysis.,"I review the material specs to find equivalent, lower-cost components that don't compromise the safety or performance of the design."
83,ENGINEERING,Describe a time you failed in a technical task.,Focus on what you learned.,A prototype I built failed thermal testing. I learned that I hadn't accounted for the heat dissipation in the enclosure and redesigned it with better airflow.
84,ENGINEERING,How do you stay updated with engineering standards?,Mention organizations like IEEE or ASME.,I regularly check the latest ISO standards and attend industry conferences to see new manufacturing techniques.
85,ENGINEERING,How do you collaborate with non-technical teams?,Focus on communication.,I use analogies to explain technical constraints so that the marketing and sales teams understand why certain features take longer to develop.
86,ENGINEERING,What software tools are you proficient in?,"Mention CAD, simulation, or coding tools.",I am highly proficient in SolidWorks for 3D modeling and MATLAB for system simulations.
87,ENGINEERING,How do you approach a peer review of your work?,Focus on growth and quality.,I welcome peer reviews as a way to catch potential flaws early. I always explain my logic clearly but am happy to change direction if a better solution is proposed.
88,ENGINEERING,Describe a time you had to learn a new technology quickly.,Focus on self-directed learning.,"I had to learn Rust for a new project in two weeks, which I did by building a small CLI tool and following the official documentation."
89,ENGINEERING,How do you prioritize safety in your designs?,Mention safety factors and testing.,Safety is my first consideration. I always apply a significant safety factor and conduct rigorous stress testing before any design goes to production.
90,ENGINEERING,Why did you choose this branch of engineering?,Connect passion to the discipline.,"I chose mechanical engineering because I’ve always been fascinated by how complex machines can be broken down into simple, elegant mechanisms."
91,ACCOUNTANT,What experience do you have with tax preparation?,Mention local/state/federal knowledge.,"I have prepared corporate tax returns for mid-sized firms, ensuring all deductions were documented and compliant with current IRS laws."
92,ACCOUNTANT,How do you ensure accuracy in high-volume data entry?,Mention reconciliation and verification.,I reconcile my entries daily and use Excel formulas to flag any inconsistencies between different reports.
93,ACCOUNTANT,Describe your experience with audits.,Focus on organization and cooperation.,"I served as the primary contact for an external audit, providing all requested documentation promptly and explaining our internal control procedures."
94,ACCOUNTANT,How do you stay updated on changes to GAAP or IFRS?,Mention specific journals or CPE.,I follow the AICPA newsletters and take annual continuing education courses to stay current on accounting standard changes.
95,ACCOUNTANT,What accounting software are you most familiar with?,"Mention QuickBooks, Xero, or Sage.","I have used QuickBooks Online for five years to manage payroll, accounts receivable, and financial statement generation."
96,ACCOUNTANT,How do you handle a disagreement with a client over an expense?,Focus on policy and communication.,I show them the specific tax code or company policy that governs the expense and explain the risks of non-compliance.
97,ACCOUNTANT,Describe a time you improved an accounting process.,Focus on efficiency.,I implemented a digital receipt tracking system that reduced the time spent on monthly expense reports by 30%.
98,ACCOUNTANT,How do you manage your time during tax season?,Focus on prioritization.,I front-load my data collection in January so that I have enough time for review and adjustment as the April deadline approaches.
99,ACCOUNTANT,What is your approach to internal controls?,Focus on fraud prevention.,I advocate for segregation of duties and regular spot-checks to ensure that no single person has total control over a financial process.
100,ACCOUNTANT,Why do you want to work as an accountant for our firm?,Link skills to the firm's client base.,I admire your firm's reputation for ethical consulting and want to bring my experience in forensic accounting to help your clients protect their assets.
101,FITNESS,How do you design a workout plan for a beginner?,"Focus on assessment, goal setting, and progressive overload.","I start with a mobility assessment, identify their specific goals, and create a 4-week foundation plan focusing on compound movements."
102,FITNESS,How do you keep clients motivated during a plateau?,Mention tracking non-scale victories and variety.,I introduce new training modalities and celebrate consistency and strength gains rather than just weight changes.
103,FITNESS,What is your approach to nutrition coaching?,Stay within scope of practice and focus on habits.,I focus on sustainable habit changes like increasing protein intake and hydration rather than restrictive dieting.
104,FITNESS,How do you handle a client with a previous injury?,Focus on medical clearance and modification.,"I require medical clearance first, then implement regression exercises that allow them to train safely while rehabilitating."
105,FITNESS,Describe your experience with group fitness vs. 1-on-1.,Highlight versatility and engagement.,"I've led 20-person HIIT classes focusing on energy and safety, and managed 1-on-1 sessions focusing on technical precision."
106,FITNESS,How do you stay updated on exercise science?,Mention reputable organizations like NASM or ACSM.,I regularly review research from the Journal of Strength and Conditioning Research and complete biennial recertifications.
107,FITNESS,What do you do if a client is performing an exercise dangerously?,Prioritize immediate safety and positive correction.,"I immediately but calmly ask them to stop, explain the risk, and demonstrate the correct form with a lighter weight."
108,FITNESS,How do you manage your schedule during peak hours?,Focus on organization and punctuality.,I use a booking app and ensure a 10-minute buffer between sessions to reset the equipment and prep for the next client.
109,FITNESS,What makes a 'good' personal trainer in your opinion?,"Mention empathy, knowledge, and communication.",A good trainer listens more than they talk and adapts the science of fitness to the reality of the client's lifestyle.
110,FITNESS,Why did you choose the fitness industry?,Connect personal passion to helping others.,"Fitness changed my own life, and I wanted a career where I could help others find confidence through physical capability."
111,AGRICULTURE,How do you manage soil health on a large scale?,"Mention testing, crop rotation, and amendments.",I conduct annual soil testing and use a four-year crop rotation cycle to prevent nutrient depletion and pest buildup.
112,AGRICULTURE,What is your experience with sustainable farming?,Mention water conservation or organic practices.,I implemented a drip irrigation system that reduced water usage by 30% while maintaining consistent crop yields.
113,AGRICULTURE,How do you handle a sudden pest outbreak?,Focus on Integrated Pest Management (IPM).,"I use IPM, starting with biological controls before moving to targeted chemical applications only when necessary."
114,AGRICULTURE,Describe your experience with agricultural machinery.,Mention specific equipment like tractors or harvesters.,I am proficient in operating and performing basic maintenance on John Deere tractors and automated harvesting equipment.
115,AGRICULTURE,How do you stay updated on commodity market prices?,Mention USDA reports or trade publications.,I track daily market fluctuations through the Farm Bureau and adjust our harvest timing to maximize profitability.
116,AGRICULTURE,What is the biggest challenge facing modern farmers?,Mention climate change or labor shortages.,Unpredictable weather patterns are the biggest challenge; I mitigate this through diversified planting and improved drainage systems.
117,AGRICULTURE,How do you manage a seasonal labor force?,Focus on clear communication and safety training.,I conduct daily morning briefings to outline goals and ensure every worker is trained on the safe operation of specialized tools.
118,AGRICULTURE,What is your approach to livestock management?,Focus on animal welfare and biosecurity.,I follow strict biosecurity protocols to prevent disease and use low-stress handling techniques for all livestock rotations.
119,AGRICULTURE,Describe a time you had to deal with a crop failure.,Focus on resilience and analysis.,"After a late frost damaged our primary crop, I pivoted to a secondary, fast-growing cover crop to salvage the season's revenue."
120,AGRICULTURE,Why are you interested in this specific agricultural sector?,Link personal interest to the specific farm type.,I am passionate about precision agriculture and want to apply data-driven techniques to your grain production operations.
121,BPO,How do you handle an irate customer on the phone?,Focus on de-escalation and empathy.,"I listen without interrupting, acknowledge their frustration, and move quickly to a solution-oriented approach."
122,BPO,What metrics do you use to track your performance?,"Mention KPIs like AHT, CSAT, or FCR.","I focus on First Call Resolution (FCR) to ensure the customer's issue is resolved the first time, which naturally improves CSAT scores."
123,BPO,How do you stay productive during repetitive tasks?,Mention focus techniques and goal setting.,"I set hourly targets for myself and take short, scheduled breaks to maintain a high level of accuracy throughout my shift."
124,BPO,Describe a time you went above and beyond for a client.,Focus on problem-solving and service.,"I once spent an extra 20 minutes assisting an elderly customer with their online account setup, ensuring they felt confident before hanging up."
125,BPO,How do you handle a situation where you don't know the answer?,Focus on honesty and resourcefulness.,I inform the customer that I want to provide the most accurate info and put them on a brief hold while I consult our knowledge base.
126,BPO,What is your experience with CRM software?,Mention tools like Zendesk or Salesforce.,"I have used Zendesk for two years to track tickets, maintain customer history, and update resolution notes."
127,BPO,How do you balance speed with quality?,Focus on efficiency and accuracy.,"I use keyboard shortcuts and templates for common issues, allowing me to spend more quality time on the unique aspects of a call."
128,BPO,Describe your experience working in a team environment.,Focus on collaboration and knowledge sharing.,I regularly share tips on handling complex queries with my teammates to help our whole unit reach its performance targets.
129,BPO,How do you adapt to changes in process or script?,Focus on flexibility and learning.,I treat every update as a way to improve our service and spend time practicing new scripts until they feel natural.
130,BPO,Why do you want to work in the BPO industry?,Connect communication skills to the role.,I enjoy problem-solving and find satisfaction in helping people navigate technical or administrative challenges efficiently.
131,SALES,How do you handle rejection in the sales process?,Focus on resilience and the 'numbers game'.,I don't take rejection personally; I treat it as a learning opportunity to refine my pitch for the next prospect.
132,SALES,What is your process for closing a deal?,Mention identifying pain points and the 'ask'.,"Once I've demonstrated how our product solves their specific problem, I ask a direct closing question like, 'Would you like to start with the standard or premium plan?'"
133,SALES,How do you research a prospect before a call?,Mention LinkedIn and company websites.,I look for recent news about the company and the prospect's professional background to find a personalized 'hook' for the conversation.
134,SALES,Describe your most successful sales achievement.,Focus on hitting or exceeding targets.,"Last year, I exceeded my annual quota by 120% by expanding our footprint in the mid-market manufacturing sector."
135,SALES,How do you prioritize your leads?,Mention lead scoring or urgency.,I prioritize leads based on their 'fit' for our product and their level of engagement with our marketing materials.
136,SALES,What sales methodology do you use?,"Mention SPIN, Challenger, or Consultative.","I use a consultative approach, asking deep questions to uncover the customer's true needs before suggesting a solution."
137,SALES,How do you build a long-term relationship with a client?,Focus on follow-up and value.,"I check in quarterly, not to sell, but to ensure they are getting value from the product and to share relevant industry insights."
138,SALES,Describe a time you lost a big sale.,Focus on reflection and improvement.,I lost a deal to a lower-priced competitor; I realized I hadn't sufficiently built the case for our long-term ROI and adjusted my pitch accordingly.
139,SALES,How do you stay motivated during a slow month?,Focus on activity and pipeline building.,I increase my outreach volume and focus on filling the top of my funnel so that my future months are more consistent.
140,SALES,Why do you want to sell for our company?,Link their product to your selling strengths.,"I've used your product myself and believe in its value, making it much easier for me to sell it authentically to others."
141,CONSULTANT,How do you approach a new client engagement?,Mention discovery and assessment.,I start with a series of stakeholder interviews to understand the 'problem behind the problem' before proposing a scope of work.
142,CONSULTANT,Describe a time you had to deliver a difficult recommendation.,Focus on data and diplomacy.,"I used a data-driven presentation to show a CEO that their favorite project was draining resources, focusing on the potential for reallocation."
143,CONSULTANT,How do you manage client expectations?,Focus on clear communication and scope.,I define 'success' at the start of the project and provide weekly status reports to ensure there are no surprises regarding timelines or deliverables.
144,CONSULTANT,What industries do you specialize in?,Mention specific expertise.,"I specialize in digital transformation for the retail sector, helping legacy brands move their operations to a cloud-based model."
145,CONSULTANT,How do you stay updated on industry best practices?,Mention professional networks and journals.,I follow the Harvard Business Review and participate in a monthly mastermind group with other senior consultants.
146,CONSULTANT,Describe your process for data analysis.,Mention tools and frameworks.,I use the MECE framework to break down complex problems and Excel or Tableau to visualize the trends within the client's data.
147,CONSULTANT,How do you handle a client who disagrees with your findings?,Focus on evidence and listening.,"I listen to their perspective to see if I missed a variable, then walk them back through the data that led to my conclusion."
148,CONSULTANT,What is the most challenging project you've managed?,Focus on problem-solving.,I led a post-merger integration for two pharmaceutical firms where the biggest challenge was aligning the two different corporate cultures.
149,CONSULTANT,How do you ensure your recommendations are actionable?,Focus on implementation planning.,I don't just provide a report; I include a phased implementation roadmap with specific owners and deadlines for each task.
150,CONSULTANT,Why did you choose consulting as a career?,Connect variety and problem-solving.,I enjoy the challenge of solving high-stakes problems across different industries and the continuous learning that comes with it.
151,DIGITAL-MEDIA,How do you measure the success of a social media campaign?,"Mention metrics like reach, engagement, and ROI.",I look beyond likes and focus on the conversion rate and the cost per acquisition to see if the campaign met its business goals.
152,DIGITAL-MEDIA,What tools do you use for content creation?,"Mention Canva, Adobe Suite, or CapCut.","I use Premiere Pro for video editing and Canva for quick, on-brand social graphics that follow our style guide."
153,DIGITAL-MEDIA,How do you stay current with platform algorithm changes?,Mention following official blogs or industry experts.,I follow the official Meta and Google blogs and test new features immediately to see how they impact our organic reach.
154,DIGITAL-MEDIA,Describe your experience with paid social advertising.,Mention Facebook Ads Manager or LinkedIn Ads.,"I have managed monthly budgets of $10k+, focusing on A/B testing creative assets and refining audience targeting to lower CPC."
155,DIGITAL-MEDIA,How do you handle a PR crisis on social media?,"Focus on speed, honesty, and protocol.","I immediately alert the leadership team and follow our pre-approved crisis plan, responding with empathy and transparency."
156,DIGITAL-MEDIA,What is your approach to community management?,Focus on engagement and brand voice.,"I aim to respond to all comments within 4 hours, maintaining a helpful and conversational brand voice that encourages two-way dialogue."
157,DIGITAL-MEDIA,How do you balance organic content with promotional posts?,Mention the 80/20 rule.,"I follow the 80/20 rule: 80% of content should provide value or entertainment, while only 20% should be a direct 'ask' or promotion."
158,DIGITAL-MEDIA,Describe a successful campaign you led.,Focus on creativity and results.,I led a TikTok challenge that generated 1 million views and led to a 15% increase in web traffic for our latest product launch.
159,DIGITAL-MEDIA,How do you approach SEO for digital content?,Mention keyword research and metadata.,I use SEMrush for keyword research and ensure all our video descriptions and blog posts are optimized for search visibility.
160,DIGITAL-MEDIA,Why do you want to work in digital media?,Connect creativity to digital trends.,"I love the intersection of data and creativity, where I can see exactly how my creative choices influence user behavior in real-time."
161,AUTOMOBILE,How do you diagnose a complex engine issue?,Mention diagnostic tools and systematic checking.,"I start by connecting an OBD-II scanner to check for fault codes, then systematically test the air, fuel, and spark systems."
162,AUTOMOBILE,What is your experience with electric vehicles (EVs)?,Mention high-voltage safety and battery systems.,I am certified in high-voltage safety and have experience diagnosing thermal management issues in Tesla and Ford EV models.
163,AUTOMOBILE,How do you ensure the quality of your repairs?,Mention road testing and double-checking.,I always perform a post-repair inspection and a road test to ensure the original issue is resolved and no new problems were introduced.
164,AUTOMOBILE,Describe your process for preventative maintenance.,"Mention fluid checks, brakes, and tires.","I follow the manufacturer's service schedule, focusing on fluid integrity, brake pad wear, and tire rotation to prevent major failures."
165,AUTOMOBILE,How do you handle a customer who thinks a repair is too expensive?,Focus on safety and transparency.,"I show them the worn part next to a new one and explain the safety implications of not performing the repair, while offering a prioritized list of 'must-haves'."
166,AUTOMOBILE,What software do you use for shop management?,Mention tools like Mitchell1 or AllData.,I use AllData daily to access precise wiring diagrams and labor times to ensure our quotes are accurate and competitive.
167,AUTOMOBILE,How do you stay updated with new vehicle technology?,Mention manufacturer training and ASE certifications.,I attend yearly manufacturer workshops and am currently working toward my ASE Master Technician certification.
168,AUTOMOBILE,Describe a time you solved a 'ghost' problem that was hard to find.,Focus on persistence and logic.,"I once spent two days tracking an intermittent electrical short that turned out to be a frayed wire behind the dashboard, solving it through careful continuity testing."
169,AUTOMOBILE,How do you prioritize work in a busy service bay?,Focus on promised times and repair complexity.,I prioritize simple maintenance to keep the 'quick lane' moving while dedicating focused blocks of time to complex diagnostic work.
170,AUTOMOBILE,Why did you choose a career in the automotive industry?,Connect technical interest to hands-on work.,I've always enjoyed understanding how complex mechanical systems work together and finding satisfaction in making them run perfectly again.
171,CHEF,How do you manage food costs in your kitchen?,"Mention inventory, portion control, and waste reduction.",I track weekly inventory closely and use 'nose-to-tail' cooking techniques to minimize waste and keep our food cost percentage under 28%.
172,CHEF,What is your leadership style in a high-pressure environment?,"Focus on calm, clear communication.","I lead by example, maintaining a calm demeanor during a busy service to ensure the team stays focused and the quality remains consistent."
173,CHEF,How do you design a seasonal menu?,Mention local sourcing and flavor profiles.,I work with local farmers to see what's at its peak and build dishes that highlight those fresh ingredients while balancing the overall menu's variety.
174,CHEF,Describe your approach to food safety and sanitation.,Mention HACCP and local health codes.,I conduct daily temperature checks and ensure every staff member follows strict labeling and storage protocols to maintain a perfect health score.
175,CHEF,How do you handle a mistake that reaches a customer's table?,Focus on immediate rectification.,"I apologize personally, offer an immediate replacement or alternative, and then meet with the line cook to understand where the process failed."
176,CHEF,What is your experience with different cuisines?,Mention specific culinary backgrounds.,"My foundation is in French technique, but I have spent the last five years specializing in modern Mediterranean and plant-based cooking."
177,CHEF,How do you train new kitchen staff?,Mention shadowing and clear standards.,"I use a 'see one, do one, teach one' approach and provide written prep lists to ensure they understand our specific standards from day one."
178,CHEF,Describe a time you had to pivot during a service crisis.,Focus on adaptability.,"When our main oven went down during a 100-cover night, I quickly modified the menu to focus on pan-seared and cold dishes until the repair was made."
179,CHEF,How do you stay inspired creatively?,"Mention dining out, travel, or cookbooks.",I travel to different regions twice a year to learn local techniques firsthand and keep a detailed journal of flavor combinations I want to test.
180,CHEF,Why do you want to lead the kitchen at this restaurant?,Link your style to the restaurant's concept.,"I've followed your focus on sustainable seafood for years and want to bring my experience in high-volume, quality-focused kitchens to your team."
181,APPAREL,How do you stay ahead of fashion trends?,"Mention runway shows, social media, and street style.","I follow major fashion weeks in Paris and Milan, but I also track niche influencers on Instagram to see what's trending at the street level."
182,APPAREL,Describe your experience with fabric selection and sourcing.,"Mention durability, drape, and cost.","I've sourced materials globally, focusing on finding sustainable fabrics like organic cotton that meet our quality standards and price points."
183,APPAREL,How do you handle a production delay with a manufacturer?,Focus on communication and contingency plans.,I maintain daily contact with our vendors and always have a secondary manufacturer on standby for our core high-volume items.
184,APPAREL,What software do you use for apparel design?,Mention Adobe Illustrator or CLO 3D.,I use Adobe Illustrator for detailed technical packs and have recently started using CLO 3D to reduce the number of physical samples needed.
185,APPAREL,How do you balance creative vision with commercial viability?,Mention target demographics and price points.,"I design with our 'hero' customer in mind, ensuring that even my most creative pieces are wearable and hit the necessary margin targets."
186,APPAREL,Describe a time a sample didn't meet your expectations.,Focus on problem-solving and iteration.,"The fit was off on a new denim line, so I worked directly with the pattern maker to adjust the rise and pocket placement before the second sample."
187,APPAREL,How do you approach sustainable fashion?,Mention circularity or ethical labor.,I advocate for timeless designs over fast-fashion trends and ensure all our factory partners are certified for ethical labor practices.
188,APPAREL,What is your experience with visual merchandising?,Mention window displays and floor sets.,"I've designed floor sets that tell a cohesive color story, which led to a 10% increase in cross-category sales in our flagship store."
189,APPAREL,How do you manage a product launch timeline?,Mention critical paths and milestones.,"I use project management software to track every stage from initial sketch to the product hitting the retail floor, ensuring we never miss a season."
190,APPAREL,Why are you interested in our brand specifically?,Link your aesthetic to their brand identity.,"Your brand's focus on 'elevated basics' aligns perfectly with my design philosophy of creating high-quality, functional pieces for the modern wardrobe."
191,CONSTRUCTION,How do you ensure safety on a job site?,Mention OSHA standards and daily briefings.,I conduct 'toolbox talks' every morning to review specific risks and ensure every worker has the correct PPE for their assigned tasks.
192,CONSTRUCTION,Describe a time a project fell behind schedule.,Focus on recovery and communication.,"When a material delivery was delayed, I re-sequenced the interior tasks so the crew could stay productive while we waited for the exterior supplies."
193,CONSTRUCTION,How do you manage subcontractors?,Focus on clear contracts and quality checks.,I set clear performance milestones in our contracts and conduct daily walkthroughs to ensure their work meets our quality and safety standards.
194,CONSTRUCTION,What is your experience with green building practices?,Mention LEED or energy efficiency.,"I've managed three LEED-certified projects, focusing on high-performance insulation and the use of recycled materials throughout the build."
195,CONSTRUCTION,How do you handle a dispute with a client over a change order?,Focus on documentation and transparency.,"I provide a detailed breakdown of the additional labor and material costs, referencing the original contract to show why the change requires a budget adjustment."
196,CONSTRUCTION,What software do you use for project management?,Mention Procore or Bluebeam.,"I use Procore daily to manage RFIs, submittals, and the project schedule to ensure all stakeholders are looking at the same data."
197,CONSTRUCTION,How do you read and interpret complex blueprints?,Mention attention to detail and cross-referencing.,I cross-reference the architectural drawings with the structural and MEP plans to identify potential 'clashes' before construction begins.
198,CONSTRUCTION,Describe your experience with heavy equipment.,Mention specific machinery and certifications.,I am certified to operate excavators and skid steers and have managed fleets of heavy equipment on large-scale civil engineering projects.
199,CONSTRUCTION,How do you ensure a project stays under budget?,Mention cost tracking and value engineering.,"I track our 'burn rate' weekly and look for value engineering opportunities, such as alternative materials that offer the same performance at a lower cost."
200,CONSTRUCTION,Why did you choose a career in construction?,Connect the tangible nature of the work.,I've always loved the process of taking a project from a flat set of drawings to a finished physical structure that will stand for decades.
201,PUBLIC-RELATIONS,How do you build relationships with journalists?,Mention personalization and providing value.,I don't just blast press releases; I research their specific beat and offer them exclusive angles or expert interviews that help them tell a better story.
202,PUBLIC-RELATIONS,Describe a successful PR campaign you managed.,Focus on media placements and impact.,"I secured three national TV spots and ten major print features for a tech launch, resulting in a 200% increase in brand mentions in one month."
203,PUBLIC-RELATIONS,How do you handle a negative story about your client?,"Focus on speed, honesty, and 'the pivot'.",I address the facts quickly to stop the spread of misinformation and then work to pivot the conversation toward the corrective actions the client is taking.
204,PUBLIC-RELATIONS,What tools do you use for media monitoring?,"Mention Cision, Meltwater, or Muck Rack.",I use Meltwater to track brand sentiment and competitor mentions across digital and traditional media in real-time.
205,PUBLIC-RELATIONS,How do you prepare a spokesperson for a media interview?,Mention talking points and mock interviews.,I create a concise 'message house' with three key points and conduct mock 'murder board' sessions to prepare them for difficult questions.
206,PUBLIC-RELATIONS,What is your approach to crisis communication?,Focus on transparency and the 'golden hour'.,I believe in the 'golden hour'—responding within the first 60 minutes with a statement of concern and a promise of more information as it becomes available.
207,PUBLIC-RELATIONS,How do you measure the ROI of PR?,Mention 'share of voice' and web traffic.,I look at our 'share of voice' compared to competitors and track how many media placements led directly to referral traffic on the client's website.
208,PUBLIC-RELATIONS,Describe your experience with event PR.,Mention red carpets or product launches.,"I managed the media list and on-site interviews for a 500-person gala, ensuring our key sponsors received maximum visibility in the subsequent coverage."
209,PUBLIC-RELATIONS,How do you adapt your pitch for different media outlets?,Focus on audience and tone.,"I tailor the story—for a business outlet, I focus on the 'why' and the numbers; for a lifestyle outlet, I focus on the 'how' and the human interest angle."
210,PUBLIC-RELATIONS,Why do you want to work in PR for this agency?,Link your industry experience to their client list.,"Your agency's reputation for innovative healthcare PR fits my background perfectly, and I'm excited to help your clients navigate this complex media landscape."
211,BANKING,How do you handle a sensitive customer financial issue?,Focus on empathy and confidentiality.,"I listen to their concerns and offer solutions like debt consolidation or payment deferrals, while ensuring their privacy is strictly protected."
212,BANKING,What is your experience with regulatory compliance?,"Mention KYC, AML, or Dodd-Frank.",I have been trained in Anti-Money Laundering (AML) protocols and ensure every transaction follows our 'Know Your Customer' (KYC) guidelines.
213,BANKING,How do you explain complex banking products to customers?,Focus on benefits and clear language.,"I break down products like CDs or money market accounts into simple terms, focusing on the interest rate and the liquidity of their funds."
214,BANKING,Describe a time you met or exceeded a sales goal.,Focus on customer-centric selling.,I exceeded my mortgage referral goal by 20% by identifying existing customers who were paying high interest on outside loans and offering them our better rates.
215,BANKING,How do you maintain accuracy in high-volume transactions?,Focus on dual-control and verification.,I always double-count cash and verify account numbers twice before processing any transfer to ensure zero errors in my ledger.
216,BANKING,What software are you proficient in for banking?,Mention core banking systems or CRM.,"I am proficient in Fiserv and have used it for five years to manage account openings, loan processing, and customer inquiries."
217,BANKING,How do you stay updated on changes in interest rates?,Mention the Federal Reserve and internal briefings.,I review the daily internal rate sheet and follow the Federal Reserve's announcements to understand how our lending products will be impacted.
218,BANKING,Describe a time you identified a fraudulent transaction.,Focus on detection and protocol.,"I noticed a signature discrepancy and a series of unusual small transactions, so I followed our security protocol to freeze the card and alert the customer."
219,BANKING,How do you balance customer service with security protocols?,Focus on explaining the 'why'.,"When I ask for extra ID, I explain that it's a necessary step to protect their assets, which usually turns a potential frustration into a positive experience."
220,BANKING,Why do you want to work for our bank specifically?,Link your values to the bank's community focus.,I admire your bank's commitment to small business lending in our local community and want to help our local entrepreneurs grow their businesses.
221,ARTS,How do you approach a new creative project?,"Mention inspiration, research, and technical prep.","I start by gathering visual references in a mood board, then create several small-scale studies to test my composition and color palette."
222,ARTS,Describe your experience with different artistic mediums.,"Mention specific materials like oils, digital, or clay.","My primary medium is oil painting, but I am also proficient in digital illustration using Procreate and have experience in large-scale mural work."
223,ARTS,How do you handle creative block?,Mention stepping away or changing parameters.,I find that changing my environment or working in a completely different medium for a day helps 'reset' my brain and allows new ideas to surface.
224,ARTS,What is your process for preparing an exhibition?,"Mention selection, framing, and marketing.","I select a cohesive body of work, manage the professional framing, and work with the gallery to create a marketing plan that targets local collectors."
225,ARTS,How do you price your artwork?,"Mention labor, materials, and market value.","I use a consistent square-inch formula plus the cost of materials, while also researching the prices of artists at a similar career stage."
226,ARTS,Describe a time you received a harsh critique.,Focus on professional growth.,"I used a critique about my lack of anatomical detail to spend a month doing intensive life drawing sessions, which significantly improved my subsequent work."
227,ARTS,How do you stay updated on the contemporary art world?,"Mention galleries, journals, or social media.","I visit local galleries monthly, follow Artforum, and stay active in an online community of contemporary painters."
228,ARTS,What is the most challenging piece you've ever created?,Focus on technical or conceptual difficulty.,I created a 10-foot-tall sculpture made of recycled glass; the biggest challenge was ensuring the structural integrity while maintaining the transparency I wanted.
229,ARTS,How do you balance your personal artistic vision with a commission?,Focus on communication and compromise.,"I meet with the client early to understand their 'must-haves,' then provide three sketches that offer different ways to blend their needs with my style."
230,ARTS,Why do you want to be a resident artist at this institution?,Link your work to their mission.,"Your focus on environmental art aligns perfectly with my current series on melting glaciers, and I'd love to use your facilities to scale up my work."
231,AVIATION,How do you handle a high-stress emergency in the air?,Focus on checklist and crew communication.,"I fall back on my training, following the Quick Reference Handbook (QRH) checklists precisely and maintaining clear 'sterile cockpit' communication with my co-pilot."
232,AVIATION,Describe your approach to pre-flight inspections.,Mention thoroughness and standard operating procedures (SOPs).,"I follow the walk-around checklist every single time, never rushing, and paying special attention to tire wear and any signs of fluid leaks."
233,AVIATION,How do you stay updated with FAA or international regulations?,Mention specific manuals or training.,I review the Federal Aviation Regulations (FARs) regularly and complete all required ground school and simulator training on schedule.
234,AVIATION,What is your experience with different aircraft types?,Mention specific models and hours.,"I have 1,500 hours on the Boeing 737 and 500 hours on regional jets, with a clean safety record and high marks on all check-rides."
235,AVIATION,How do you manage crew resources (CRM)?,Focus on listening and leadership.,I encourage an open cockpit environment where even the most junior member feels comfortable pointing out a potential issue or deviation from SOP.
236,AVIATION,Describe a time you had to make a difficult 'no-go' decision.,Focus on safety over schedule.,"I once grounded a flight due to an intermittent warning light; although it caused a delay, I will never compromise safety for the sake of the schedule."
237,AVIATION,How do you handle a difficult or disruptive passenger?,Focus on de-escalation and authority.,"I remain calm and professional, using clear, authoritative language to inform them of the regulations while working with the cabin crew to resolve the issue safely."
238,AVIATION,What is your process for post-flight debriefing?,Focus on learning and improvement.,I lead a brief discussion with the crew to review what went well and identify any areas where we could improve our communication or efficiency next time.
239,AVIATION,How do you stay physically and mentally fit for duty?,Mention rest and health protocols.,I strictly follow all rest requirements and maintain a healthy diet and exercise routine to ensure I'm at my peak performance during every flight.
240,AVIATION,Why do you want to fly for our airline specifically?,Link your professionalism to their safety record.,I've always admired your airline's industry-leading safety record and your commitment to pilot training and career development.
